Date,AMZN_P,BABA_P,WMT_P,AAPL_P,JD_P,AMZN_V,BABA_V,WMT_V,AAPL_V,JD_V
2020-03-02,1953.949951,210.9799957,112.6449051,73.89148712,43.29999924,6761700,21542200,17074200,341397200,45794500
2020-03-03,1908.98999,207.4100037,109.7578354,71.5447464,41.45999908,7534500,20813800,11113600,319475600,29036500
2020-03-04,1975.829956,211.9600067,113.5100632,74.8633194,43.90999985,4772900,12474400,8208400,219178400,22143600
2020-03-05,1924.030029,211.4600067,112.6837921,72.43497467,44.61999893,4748200,13462900,8546100,187572800,24148600
2020-03-06,1901.089966,204.6399994,113.9572296,71.47303009,42.15999985,5273600,21700500,9803700,226176800,25393700
2020-03-09,1800.609985,197.6600037,113.889183,65.82007599,39.90999985,7813200,25502600,19747800,286744800,26241900
2020-03-10,1891.819946,206.3899994,116.4457626,70.56054688,41.79999924,7133300,19022600,12599100,285290000,21203800
2020-03-11,1820.859985,198.9100037,111.2353897,68.1099472,41.52999878,5624800,18908200,10540000,255598800,27069600
2020-03-12,1676.609985,185.1000061,101.1451721,61.38376999,38.25999832,11346200,30247100,18774400,418474000,30770700
2020-03-13,1785,194,110.9146118,68.73805237,39.70999908,8809700,23650500,14320700,370732000,22982900
2020-03-16,1689.150024,178.8500061,103.7795181,59.89511108,35.24000168,8917300,26628500,12251300,322423600,25203900
2020-03-17,1807.839966,184.8099976,115.9305573,62.52870178,38.34999847,10917100,19276500,17602000,324056000,27822600
2020-03-18,1830,180,119.1578674,60.99800491,37.70000076,9645200,22054200,25785300,300233600,23689500
2020-03-19,1880.930054,180.8800049,116.6290207,60.53063202,37.20999908,10399900,20905700,19033500,271857200,25834000
2020-03-20,1846.089966,181.3000031,111.2784424,56.68781281,37.65999985,9817900,21006100,18474500,401693200,21050400
2020-03-23,1902.829956,176.3399963,111.5811157,55.48352814,38.61000061,7808500,22554700,13122000,336752800,18926300
2020-03-24,1940.099976,185.75,112.3134155,61.04993439,41.00999832,7147100,20801500,14235000,287531200,24405700
2020-03-25,1885.839966,188.5599976,106.8163681,60.71362686,41.34999847,6479100,19605200,17762500,303602000,18686200
2020-03-26,1955.48999,195.3200073,107.2264557,63.90855789,42.00999832,6221300,15416800,19416900,252087200,20472700
2020-03-27,1900.099976,188.5899963,106.9921265,61.26259995,40.15000153,5387900,13376400,12053500,204216800,12299800
2020-03-30,1963.949951,191.2700043,112.4696274,63.01091003,40.38999939,6126100,12254400,9737500,167976400,14771100
2020-03-31,1949.719971,194.4799957,110.9367142,62.88231659,40.5,5123600,19084800,8752800,197002000,13864300
2020-04-01,1907.699951,187.5599976,111.4444427,59.57363892,40.90999985,4121900,17948600,9423200,176218400,21650800
2020-04-02,1918.829956,188.8999939,115.8479156,60.56772232,40.08000183,4336000,13412100,9838500,165934000,21452200
2020-04-03,1906.589966,187.1100006,116.6583176,59.69727707,39.88999939,3609900,9483100,9541700,129880000,12172500
2020-04-06,1997.589966,196.4499969,123.0926819,64.90511322,41.56000137,5773200,13248700,15922900,201820400,15125700
2020-04-07,2011.599976,198,119.1090393,64.15336609,41.99000168,5114000,14934500,13789900,202887200,16888500
2020-04-08,2043,195.9799957,118.9625702,65.79535675,41.16999817,3977300,13608000,9292200,168895200,14262800
2020-04-09,2042.76001,196.3699951,118.9235382,66.27013397,42.15999985,4646500,17821300,10942900,161834800,14805800
2020-04-13,2168.870117,199.4400024,122.3408737,67.57086182,42.77999878,6716700,16117900,8064700,131022800,10195700
2020-04-14,2283.320068,204.7799988,125.9534988,70.98340607,43.86000061,8087200,16757100,11366300,194994800,15310700
2020-04-15,2307.679932,208.1699982,125.7191467,70.33551025,44.59999847,6866600,10768100,7478400,131154400,22859100
2020-04-16,2408.189941,212.6600037,129.2048645,70.89437866,47.5,12038200,16353800,10627400,157125200,21130700
2020-04-17,2375,209.5,128.9998169,69.93244171,46.15000153,7930000,13558500,10305100,215250000,22001500
2020-04-20,2393.610107,212.1300049,126.7834167,68.48086548,45.20000076,5770700,19295400,8133900,130015200,17578900
2020-04-21,2328.120117,207.3399963,126.1585464,66.36410522,43.24000168,7476700,14107600,9300200,180991600,24335500
2020-04-22,2363.48999,209.9600067,128.4823151,68.27561951,44.99000168,4212200,13471100,6482700,116862400,13759000
2020-04-23,2399.449951,205.2400055,125.4945908,68.01102448,44.93999863,5066600,20424000,9613300,124814400,11766900
2020-04-24,2410.219971,204.3600006,126.3830948,69.97449493,45.04999924,3824900,14673900,5781200,126161200,8882800
2020-04-27,2376,203.6900024,125.2700272,70.02394104,45.58000183,5645600,17286800,5974600,117087600,8222400
2020-04-28,2314.080078,201.1499939,124.9771042,68.8888855,43.58000183,5269400,17203800,6910700,112004800,15863300
2020-04-29,2372.709961,206.6999969,120.681015,71.15156555,44.34000015,4591600,19117800,14870700,137280800,10799500
2020-04-30,2474,202.6699982,118.679451,72.65258789,43.09999847,9534600,20107400,13499300,183064000,14581400
2020-05-01,2286.040039,194.4799957,120.0170746,71.48292542,41.38000107,9772600,22276200,10381300,240616800,13145600
2020-05-04,2315.98999,191.1499939,120.7786484,72.4943161,42.25,4865900,25709400,5935900,133568000,15567500
2020-05-05,2317.800049,195.0200043,121.7843323,73.58237457,43.11999893,3242500,22957200,6445800,147751200,10772200
2020-05-06,2351.26001,195.1699982,120.3881149,74.3415451,43.29999924,3117800,18598900,5769700,142333600,11620000
2020-05-07,2367.610107,196.4900055,119.5349121,75.11061096,44.75999832,3396400,16164600,9115200,115215200,10639900
2020-05-08,2379.610107,201.1900024,120.5646362,76.89836121,46.77999878,3206600,23819700,6943600,133838400,14090800
2020-05-11,2409,205.3999939,121.2805176,78.10837555,46.72000122,3259200,17920700,8447300,145946400,11336100
2020-05-12,2356.949951,200.3099976,121.3883972,77.21573639,47.02999878,3074900,17826800,6366700,162301200,15412800
2020-05-13,2367.919922,199.4600067,121.3197632,76.28343964,47.81000137,4782900,22429700,9725100,200622400,23115900
2020-05-14,2388.850098,201.3000031,121.035347,76.75206757,48.95999908,3648100,20025900,7411000,158929200,27173000
2020-05-15,2409.780029,203.6799927,123.5066605,76.29830933,50.84999847,4235000,17209500,10590000,166348400,40414500
2020-05-18,2426.26001,215.2799988,125.1934357,78.09598541,55.52999878,4357200,23556600,12877900,135178400,28485200
2020-05-19,2449.330078,217.1999969,122.5357895,77.64470673,54.25999832,4320500,21438100,24915400,101729600,20991700
2020-05-20,2497.939941,216.7899933,123.0261307,79.15476227,54.31000137,3998100,38324100,10748800,111504800,29858300
2020-05-21,2446.73999,212.1600037,122.5750198,78.56462097,52.56999969,5114400,29850700,7482700,102688800,19364700
2020-05-22,2436.879883,199.6999969,121.9277725,79.07045746,49.90000153,2867100,51979300,7453200,81803200,22601900
2020-05-26,2421.860107,201.7200012,121.4668579,78.53486633,52.59999847,3568200,28683200,7910200,125522000,21407400
2020-05-27,2410.389893,201.1799927,120.1135254,78.87704468,52.15999985,5056900,23605400,10357900,112945200,16495900
2020-05-28,2401.100098,199.4900055,121.3001328,78.91175842,51.02000046,3190200,18763200,8141600,133560800,10638700
2020-05-29,2442.370117,207.3899994,121.6629791,78.83489227,54.33000183,3509900,43179500,9770400,153532400,16917900
2020-06-01,2471.040039,206.5700073,121.5649185,79.80439758,54.72999954,2928900,16169700,6850100,80791200,11045800
2020-06-02,2472.409912,214.3300018,121.545311,80.17385101,55.61999893,2529900,22485800,6395900,87642800,15409400
2020-06-03,2478.399902,218.6100006,121.0843887,80.61520386,56.72999954,2671000,19999500,6754300,104491200,13526500
2020-06-04,2460.600098,218.0399933,119.7506638,79.92093658,56.52000046,2948700,14962400,8005000,87560400,10539700
2020-06-05,2483,219.5500031,119.2112885,82.1971817,59.04000092,3306400,11983200,13112400,137250400,17635200
2020-06-08,2524.060059,219,118.8974762,82.68315125,59.16999817,3970700,12731200,9448100,95654400,11622300
2020-06-09,2600.860107,220.7200012,119.0053482,85.29412079,58.81999969,5176000,14140100,6915400,147712400,11701800
2020-06-10,2647.449951,223.6799927,118.8190231,87.48852539,60.70000076,4946000,13372400,9380500,166651600,11565600
2020-06-11,2557.959961,215.2400055,117.7696915,83.28816986,57.24000168,5800100,15560300,11387600,201662400,19631000
2020-06-12,2545.02002,217.6399994,115.4650955,84.0072403,57.99000168,5436100,12716500,10786400,200146000,14544800
2020-06-15,2572.679932,217.0299988,115.7985306,85.04616547,59.50999832,3865100,17419900,10901100,138808800,12181000
2020-06-16,2615.27002,222.6199951,117.3381882,87.30007935,60.97999954,3585600,17212400,8389200,165428800,16246500
2020-06-17,2640.97998,224.25,116.7301788,87.17858887,62.00999832,2959300,12486700,6722300,114406400,24165200
2020-06-18,2653.97998,223.5399933,115.7102585,87.21330261,60.79000092,2487800,10358800,6690000,96820400,40121200
2020-06-19,2675.01001,220.6399994,117.5343323,86.71491241,58.63999939,5777000,19545200,13359600,264476000,23173100
2020-06-22,2713.820068,221.4100037,119.3289719,88.98369598,59.09000015,3208800,13303600,9112800,135445200,15445900
2020-06-23,2764.409912,228.75,118.730751,90.88303375,59.91999817,4231700,18263400,6575900,212155600,10271200
2020-06-24,2734.399902,226.2200012,117.9756393,89.27877045,59.84000015,4526600,12159500,6871600,192623200,11820300
2020-06-25,2754.580078,222.1600037,117.3970337,90.46398926,60.50999832,2968700,14953100,6856600,137522400,7796300
2020-06-26,2692.870117,215.7100067,116.0338974,87.68442535,59.65000153,6500800,19340600,8997200,205256800,12460400
2020-06-29,2680.379883,215.0200043,116.7595901,89.7052536,59.58000183,4223400,12333000,5503800,130646000,8217600
2020-06-30,2758.820068,215.6999969,117.465683,90.45407104,60.18000031,3769700,12933800,6836400,140223200,10555900
2020-07-01,2878.699951,215.9499969,117.3774185,90.2829895,60,6363400,11788100,6577900,110737200,6432300
2020-07-02,2890.300049,223.6000061,116.9067001,90.2829895,61.38999939,6593400,18128700,5898600,114041600,10492800
2020-07-06,3057.040039,240,116.5928802,92.69807434,63.24000168,6880600,33702900,7231700,118655600,16273400
2020-07-07,3000.120117,236.5099945,124.4971542,92.41043854,61.66999817,5257500,16491600,31152700,112424400,8974500
2020-07-08,3081.110107,257.6799927,122.0356522,94.56269836,65.37999725,5037600,39922700,17405700,117092000,21605900
2020-07-09,3182.629883,261.5799866,125.2816925,94.96934509,67.36000061,6388700,36803900,14257200,125642800,17759000
2020-07-10,3200,261.0100098,128.1550598,95.13548279,65.61000061,5486000,20335000,14745600,90257200,10317900
2020-07-13,3104,251.6699982,127.0174942,94.69659424,62.29999924,7720400,21568700,14112800,191649200,14758900
2020-07-14,3084,248.5800018,129.4593811,96.26367188,62.13000107,7231900,19782600,8818600,170989200,14769900
2020-07-15,3008.870117,249.2100067,129.4495697,96.92571259,62.54999924,5788900,12614700,10577100,153198000,8188400
2020-07-16,2999.899902,242.5,129.6457214,95.73304749,61.70999908,6394200,18032100,5892200,110577600,11105500
2020-07-17,2961.969971,247.1399994,129.1945953,95.53964233,62.13000107,4761300,18742400,6063200,92186800,5404300
2020-07-20,3196.840088,254.8099976,128.9298096,97.55303955,63.40000153,7598200,19015000,6114200,90318000,10546200
2020-07-21,3138.290039,257.8999939,129.7732086,96.20664215,62.61000061,6121300,17120700,7237500,103433200,14538300
2020-07-22,3099.909912,251.6999969,130.096817,96.47690582,61.84000015,4104200,19682200,5388200,89001600,9616100
2020-07-23,2986.550049,251.8800049,129.0965271,92.08562469,60.52000046,5656900,25712000,5598800,197004400,11889900
2020-07-24,3008.909912,249,128.7042389,91.8575058,60.88000107,5632400,17221500,4345800,185438800,11670800
2020-07-27,3055.209961,250.8600006,128.6748352,94.0345459,62.77999878,4170500,18966900,4681900,121214000,9133400
2020-07-28,3000.330078,249.0500031,129.2142181,92.4897995,61.49000168,3126700,9878700,4804700,103625600,5823100
2020-07-29,3033.530029,252.4499969,128.1648865,94.26266479,62.59000015,2974100,11493600,4741100,90329200,5656000
2020-07-30,3051.879883,252.7400055,127.6059036,95.40326691,62.29000092,6128300,7032900,4596100,158130000,5653200
2020-07-31,3164.679932,251.0200043,126.8998108,105.3909073,63.79000092,8085500,12304100,7210500,374336800,11237600
2020-08-03,3111.889893,257.9400024,126.8017502,108.0465012,64.52999878,5074700,11530300,4990500,308151200,10036100
2020-08-04,3138.830078,262.2000122,129.0965271,108.7680511,64.56999969,4694300,10994500,6073200,173071600,7548200
2020-08-05,3205.030029,264.9100037,127.3018875,109.1622925,65.51999664,3916500,10673800,8494500,121776800,9148400
2020-08-06,3225,265.6799927,126.8507996,112.9708862,64.91000366,3940600,10359500,4832100,202428800,10765300
2020-08-07,3167.459961,252.1000061,127.4588165,110.4024124,62.06000137,3936100,22529600,5519500,198045600,14099100
2020-08-10,3148.159912,248.1300049,129.3318939,112.0070953,61.49000168,3167300,13621700,5894400,212403600,12736000
2020-08-11,3080.669922,248.4199982,127.6843414,108.6760101,61.18000031,3718100,10681800,8453400,187902400,10213200
2020-08-12,3162.23999,255.1900024,129.3416901,112.2877808,62.90000153,3522100,11112300,6364800,165598000,6933100
2020-08-13,3161.02002,253.7200012,129.8340607,114.2750015,62.54000092,3149000,8794500,6622400,210082000,7453300
2020-08-14,3148.02002,253.9700012,130.5726013,114.1731644,62.06000137,2751700,7876400,6702100,165565200,10270200
2020-08-17,3182.409912,256.9599915,133.5267334,113.8750763,66.98000336,2691200,9760000,13155000,119561600,32952600
2020-08-18,3312.48999,259.2000122,132.6503296,114.8239746,70.31999969,5346000,13267800,26744200,105633600,23255700
2020-08-19,3260.47998,260.5899963,130.3854828,114.9680405,72.55999756,4185100,14096500,12718400,145538000,22116000
2020-08-20,3297.370117,257.9700012,128.5736237,117.5191345,73.94000244,3332500,21460800,8936900,126907200,22001100
2020-08-21,3284.719971,265.7999878,129.6174316,123.5751877,74.98000336,3575900,25648200,8288000,338054800,12574700
2020-08-24,3307.459961,276.019989,129.3220062,125.0531845,76.18000031,4666300,22475800,6604600,345937600,12517100
2020-08-25,3346.48999,286,128.6327209,124.0272827,78.97000122,3992800,27535500,7240800,211495600,19106300
2020-08-26,3441.850098,291.9599915,128.7016296,125.7139282,80.37999725,6508700,19530300,6271600,163022400,19095700
2020-08-27,3400,284.1700134,134.5409698,124.2111053,79.30000305,4264800,14805800,39672900,155552400,12674100
2020-08-28,3401.800049,289,138.1548615,124.0098953,79.95999908,2897000,9681500,21350300,187630000,7989900
2020-08-31,3450.959961,287.0299988,136.7270203,128.215332,78.63999939,4185900,13253800,15078800,225702700,12917300
2020-09-01,3499.120117,298,145.3333893,133.3224945,82.48999786,3432200,13797100,35599400,151948100,11431400
2020-09-02,3531.449951,296.0700073,145.4220123,130.560257,83.20999908,3931500,12638600,17222000,200119000,13860900
2020-09-03,3368,282.5,142.3300323,120.1074829,79.04000092,8161100,16766200,16005000,257599600,19254000
2020-09-04,3294.620117,281.3900146,140.6461945,120.1869736,80,8781800,15885800,11327400,332607200,21500900
2020-09-08,3149.840088,270.019989,136.3331451,112.0990067,76.22000122,6094200,12734000,11322300,231366600,14080500
2020-09-09,3268.610107,273.1499939,137.7511292,116.5702438,77.19000244,5188700,9465700,11223000,176940500,8952800
2020-09-10,3175.110107,267.5499878,134.7182312,112.7647247,74.52999878,5330700,10676800,11236400,182274400,11810400
2020-09-11,3116.219971,271.6099854,134.6099091,111.2842407,74.18000031,5094000,9412800,9626600,180860300,10572300
2020-09-14,3102.969971,274.1000061,135.2204285,114.6227646,76.58999634,4529600,7883300,15244600,140150100,7414900
2020-09-15,3156.129883,277.9599915,135.2597961,114.8016205,77,4021500,8291400,10142600,184642000,8105500
2020-09-16,3078.100098,278.1400146,134.1766205,111.4134064,75.08999634,4512200,9583500,9286800,154679000,8055400
2020-09-17,3008.72998,275.7200012,134.6000519,109.6348495,74.37000275,6449100,8016900,12415000,178011000,9099400
2020-09-18,2954.909912,272.4100037,133.2214508,106.1572113,74.5,8892600,11753500,18236400,287104900,9575000
2020-09-21,2960.469971,273.8200073,134.9742584,109.3765106,75.12999725,6117900,9076400,15758500,195713800,9180800
2020-09-22,3128.98999,275.2900085,136.1952667,111.0954514,75,6948800,9673300,11034000,183055400,7226600
2020-09-23,2999.860107,272.9500122,133.9107666,106.4354172,74.58999634,5652700,7353200,7711100,150718700,9962200
2020-09-24,3019.790039,269.730011,134.6099091,107.5283966,72.72000122,5529400,9562100,9817700,167743300,12166700
2020-09-25,3095.129883,271.0899963,135.1712036,111.5624466,74.66999817,4615200,11466600,7539600,149981400,12517600
2020-09-28,3174.050049,276.0100098,135.151474,114.2253265,76.09999847,4224200,8761700,7065700,137672400,8245600
2020-09-29,3144.879883,276.9299927,135.0431824,113.360878,75.16000366,3495800,7673300,9234300,99382200,5927400
2020-09-30,3148.72998,293.980011,137.770813,115.0698853,77.61000061,4896100,24777700,11608800,142675200,11377900
2020-10-01,3221.26001,290.0499878,140.8923492,116.0436325,78.56999969,4971900,16304000,14430300,116120400,7422700
2020-10-02,3125,288.1700134,138.3517914,112.2977219,76.09999847,5613100,11482800,8195000,144712000,8825800
2020-10-05,3199.199951,288.269989,139.6319275,115.7554779,76.40000153,3775300,17876400,4753000,106243800,6122300
2020-10-06,3099.959961,292.3900146,138.4798126,112.4368286,76.69000244,5086900,15860400,7158500,161498200,10015400
2020-10-07,3195.689941,296.5,138.7358246,114.3445587,78.12000275,4309400,16669300,5649700,96849000,12186400
2020-10-08,3190.550049,300.5400085,139.1986542,114.23526,78.15000153,3174100,15105800,4892300,83477200,10987700
2020-10-09,3286.649902,299.7399902,140.5969543,116.2224731,79.79000092,4907900,11442200,4831600,100506900,11319800
2020-10-12,3442.929932,306.3399963,142.0444489,123.6049957,84.31999969,8364200,14780100,6134100,240226800,18046200
2020-10-13,3443.629883,308.7799988,143.9941711,120.326088,82.61000061,5744700,10898500,7933400,262330500,12402300
2020-10-14,3363.709961,301.0400085,141.7391968,120.4155045,81.09999847,5812700,15157800,6570300,150712000,12398300
2020-10-15,3338.649902,299.4599915,142.3201904,119.9385834,80.25,5223400,9709900,4564200,112559200,10540000
2020-10-16,3272.709961,307.3099976,142.4974365,118.2593689,81.51999664,6474400,12338000,5645000,115393800,9775400
2020-10-19,3207.209961,305.2900085,140.764328,115.2388,80.61000061,5223600,14107300,4881100,120639300,8051000
2020-10-20,3217.01001,309.8099976,141.6998138,116.7590256,82.56999969,4509700,8806100,4841000,124423700,9706500
2020-10-21,3184.939941,307.9700012,142.1921692,116.1231232,82.62999725,4592700,11139700,4371400,89946000,7680200
2020-10-22,3176.399902,306.2799988,141.3551788,115.0102692,81.30999756,4212000,8008400,4448000,101988000,8746300
2020-10-23,3204.399902,309.9200134,141.650589,114.3048172,81.33999634,3466700,6231400,3513500,82572600,6838800
2020-10-26,3207.040039,306.8699951,139.9864197,114.314743,81.41000366,5901200,9350100,5370600,111850700,4882200
2020-10-27,3286.330078,317.1400146,140.6855621,115.8548355,83.01000214,4291000,13175900,3943700,92276800,7916000
2020-10-28,3162.780029,307.9400024,137.8988342,110.4893417,80.08000183,5588300,13644500,5616400,143937800,8176300
2020-10-29,3211.01001,312.5599976,137.7806702,114.5830154,83.04000092,6596500,11174500,5051300,146129200,13156600
2020-10-30,3036.149902,304.6900024,136.6285553,108.1643143,81.51999664,8386400,14918500,6200600,190272600,9178500
2020-11-02,3004.47998,310.8399963,138.2533264,108.0748749,82.31999969,7257400,11857600,5525200,122866900,8976800
2020-11-03,3048.409912,285.5700073,140.5969543,109.7342148,82.69000244,4897900,58132500,5137700,107624400,14326800
2020-11-04,3241.159912,295.7099915,139.7894897,114.2153854,89.30999756,6839000,28791200,5975800,138235500,24149400
2020-11-05,3322,287.75,141.2763824,118.26931,91.58999634,5789300,50065200,4734200,126387100,16688500
2020-11-06,3311.370117,299.9500122,143.541214,118.1349564,92.48999786,4647300,25259600,5399500,114457900,9631800
2020-11-09,3143.73999,290.5299988,141.3453064,115.7760315,84.86000061,7190400,22559900,9399500,154515300,20851500
2020-11-10,3035.02002,266.5400085,143.3344421,115.4276657,80.08000183,6591000,61064000,6066400,138023400,27080100
2020-11-11,3137.389893,265.6499939,145.7174225,118.9312057,82.83999634,4366900,41699000,6268600,112295000,17811700
2020-11-12,3110.280029,264.3099976,145.963623,118.6525116,86.37999725,4362000,27119100,4188100,103162300,21641000
2020-11-13,3128.810059,260.8399963,148.2382813,118.7022858,92.08000183,3756200,33942800,6579400,81581900,22683200
2020-11-16,3131.060059,258.3099976,150.1092377,119.7374191,85.26000214,3808700,20864200,11520100,91183000,31929400
2020-11-17,3135.659912,256.7999878,147.0861664,118.831665,86.97000122,3444700,19739500,14237200,74271000,17068300
2020-11-18,3105.459961,255.8300018,146.8104553,117.4780273,86.25,2916800,28307100,8312300,76322100,12563900
2020-11-19,3117.02002,259.8900146,149.7941132,118.0851822,86.04000092,3010300,20752800,6196900,74113000,10795300
2020-11-20,3099.399902,270.7399902,147.9428711,116.7912521,87.73999786,3374400,34178400,7312400,73604300,10585900
2020-11-23,3098.389893,270.1099854,148.6223145,113.3175812,87.55999756,4708900,25317100,6185700,127959300,9925100
2020-11-24,3118.060059,279.9599915,149.0457458,114.6314087,89.81999969,3602100,20660500,5718400,113874200,9568100
2020-11-25,3185.070068,277.7200012,149.5085754,115.487381,88.23000336,3790400,15229300,4611100,76499200,11424300
2020-11-27,3195.340088,276.480011,149.2820892,116.0447617,89.41000366,2392900,9583200,3666500,46691300,5787600
2020-11-30,3168.040039,263.3599854,150.4538727,118.4932709,85.34999847,4063900,30476100,10898500,169410200,18014400
2020-12-01,3220.080078,264.0100098,150.3061676,122.1460953,85.36000061,4537000,14573100,7645100,127728200,10878100
2020-12-02,3203.530029,261.3200073,148.2186127,122.5044174,84.37999725,3129300,13919700,7849000,89004200,12434400
2020-12-03,3186.72998,266.9100037,147.0172424,122.3650742,86.29000092,2892000,15520500,8575300,78967600,7929400
2020-12-04,3162.580078,267.25,146.6332092,121.678299,85.19000244,2913600,15527600,6963100,78260400,9411000
2020-12-07,3158,264,145.8454437,123.1712799,83.48999786,2751300,11388700,6159700,86712000,12677500
2020-12-08,3177.290039,266.0899963,147.1649628,123.7983398,82.01000214,3286300,9447700,6905500,82225500,16316700
2020-12-09,3104.199951,263.7999878,146.0029907,121.210495,81.81999969,4100800,9060700,6713200,115089200,11117800
2020-12-10,3101.48999,264.8699951,145.3210602,122.6636658,81.70999908,3030200,10290300,6884100,81312200,9952300
2020-12-11,3116.419922,264.5400085,145.2815399,121.8375549,82.61000061,3064700,7771300,5620300,86939800,13942900
2020-12-14,3156.969971,256.0299988,143.9473114,121.210495,79.95999908,4155800,18369900,8362700,79184500,12966200
2020-12-15,3165.120117,255.1100006,143.8781281,127.2819672,79.5,3319500,16595600,10623800,157243700,8454400
2020-12-16,3240.959961,261.8900146,143.7298889,127.2122955,81.76999664,4427600,15804800,8550300,98208600,8962400
2020-12-17,3236.080078,264.4299927,144.3920746,128.0981293,82.70999908,3474300,14306600,10226500,94359800,9031700
2020-12-18,3201.649902,260,144.2438049,126.0676804,81.52999878,5995700,15981800,13794700,192541500,9813400
2020-12-21,3206.179932,260.4299927,144.2635803,127.6303329,80.63999939,3836800,10901800,8517700,121251600,8246200
2020-12-22,3206.52002,255.8300018,142.5142517,131.2632599,82.79000092,2369400,11468400,12533000,168904800,7771500
2020-12-23,3185.27002,256.1799927,141.5457153,130.3475647,85.45999908,2093800,10729200,6810200,88223700,13241500
2020-12-24,3172.689941,222,141.822464,131.352829,84.48999786,1451900,141830000,3018200,54930100,12164400
2020-12-28,3283.959961,222.3600006,143.5223389,136.0507813,81.61000061,5686800,73512100,6448300,124486200,9496400
2020-12-29,3322,236.2599945,142.6130829,134.2392731,86.13999939,4872900,69715900,5979400,121047300,9689700
2020-12-30,3285.850098,238.3899994,142.4944916,133.0946655,89.51999664,3209300,44812300,6250400,96452100,12057100
2020-12-31,3256.929932,232.7299957,142.4648438,132.0694733,87.90000153,2957200,23451800,5938000,99116600,7729800
2021-01-04,3186.629883,227.8500061,144.8170319,128.8048096,86.33000183,4411400,24897900,10727400,143301900,9204200
2021-01-05,3218.51001,240.3999939,144.0461426,130.3973236,95.5,2655500,35823800,8832700,97664900,31011800
2021-01-06,3138.379883,227.6100006,144.9455109,126.0079575,88.18000031,4394800,37146100,7306300,155088000,21751400
2021-01-07,3162.159912,226.8999939,144.9356232,130.3077545,87.91999817,3514500,49361800,6846000,109578200,17070200
2021-01-08,3182.699951,236.1900024,144.915863,131.4324646,91.54000092,3537700,34884900,8159400,105158200,13007400
2021-01-11,3114.209961,227.3699951,145.5681458,128.3768158,90.37999725,3683400,23036900,8754800,100384500,6956100
2021-01-12,3120.830078,225.6000061,147.2285004,128.1976624,88.54000092,3514600,18969900,7791100,91951100,9979900
2021-01-13,3165.889893,235.3000031,145.7262878,130.2778931,90.44000244,3321200,38805100,5356500,88636800,7282400
2021-01-14,3127.469971,242.9799957,145.2518768,128.3071594,89.23999786,3070900,31381600,7672400,90221800,8053100
2021-01-15,3104.25,243.4600067,142.9491272,126.5454254,87.76999664,4244000,21561600,11973500,111598500,8862500
2021-01-19,3120.76001,251.6499939,141.7137299,127.2322006,91.15000153,3305100,23681900,8041200,90757300,10805200
2021-01-20,3263.379883,265.4899902,143.8089447,131.4125671,95.30999756,5309800,44640800,7925200,104319500,15501600
2021-01-21,3306.98999,260,143.1566772,136.2299347,95.09999847,4936100,20709900,4775300,120150900,7342400
2021-01-22,3292.22998,258.6199951,144.6193695,138.419632,94.91000366,2821900,13518200,6406500,114459400,6948400
2021-01-25,3294,261.3800049,144.4908905,142.2516327,98.37999725,3749800,19478600,6343700,157611700,16409700
2021-01-26,3326.129883,265.9200134,145.7855682,142.4905243,96.97000122,2955200,14681200,5010500,98390600,8246700
2021-01-27,3232.580078,260.25,142.1584778,141.3956604,90.08999634,4660200,16050400,9970100,140843800,16058200
2021-01-28,3237.620117,260.7600098,142.0695343,136.4488831,91.41000366,3149200,10244900,7433900,142621100,11254400
2021-01-29,3206.199951,253.8300018,138.8476563,131.3428802,88.69000244,4293600,14693000,10836400,177523800,10855300
2021-02-01,3342.879883,264.6900024,137.6419067,133.5126953,91.26999664,4160200,15289300,8648400,106239800,7452700
2021-02-02,3380,254.5,139.1243744,134.3587189,95.41999817,7098600,30534300,9000800,83305400,11522400
2021-02-03,3312.530029,263.4299927,139.5493317,133.3136292,95.5,7088800,29179700,4988900,89880900,7328200
2021-02-04,3331,266.9599915,140.8638,136.7474976,94.62999725,3670700,16763000,5782100,84183100,5336200
2021-02-05,3352.149902,265.6700134,142.6723938,136.3238525,96.63999939,3620800,11018700,6817200,75693800,5821800
2021-02-08,3322.939941,262.5899963,143.3345642,136.4733734,94.56999969,3257400,10721100,5275100,71297200,5681600
2021-02-09,3305,266.4899902,144.1252289,135.5762329,97.06999969,2203500,12432800,5302300,76774200,5790400
2021-02-10,3286.580078,267.7900085,142.4450836,134.9582214,98.76999664,3151600,13090800,6192300,73046600,8629400
2021-02-11,3262.129883,268.9299927,142.33638,134.6990509,99,2301400,15295800,4263800,64280000,4461600
2021-02-12,3277.709961,267.8500061,142.7811127,134.9382782,99.30999756,2335300,9355100,4474500,60145100,3233900
2021-02-16,3268.949951,270.7000122,143.9572144,132.7652435,103.4300003,2574700,16708700,9297000,80576300,10809000
2021-02-17,3308.639893,270.8299866,145.4792023,130.4227295,106.8799973,3297500,13262400,8523700,97918500,11456400
2021-02-18,3328.22998,264.5100098,136.0507202,129.2963409,105.4300003,3027400,15382300,32309100,96856700,8646100
2021-02-19,3249.899902,263.5899963,136.7227631,129.4558105,106.0899963,4305200,14718400,12202000,87668800,6451200
2021-02-22,3180.73999,254,136.0803833,125.5981598,97.66000366,3515700,14403500,10702200,103916400,13054100
2021-02-23,3194.5,252.75,133.886322,125.4586105,99.47000122,4677200,15980300,10433400,158273000,13873500
2021-02-24,3159.530029,250.3399963,131.6527405,124.9502411,96.37000275,3011300,12831700,15521900,111039900,11915000
2021-02-25,3057.159912,240.1799927,130.4074707,120.6041412,93.36000061,4533800,17967300,11108200,148199500,11309200
2021-02-26,3092.929932,237.7599945,128.4011993,120.8732834,93.87000275,4275900,17470700,14156900,164560400,14582100
2021-03-01,3146.139893,241.6900024,129.8342438,127.3824539,98.01999664,2729100,14043300,11544800,116307900,9901200
2021-03-02,3094.530029,234.4199982,128.5889893,124.7209778,96.37999725,2595800,14644200,9743600,102260900,8151700
2021-03-03,3005,236.2700043,126.0984344,121.6707306,93.62000275,3988700,13571700,13945800,112966300,11139700
2021-03-04,2977.570068,230.5,126.0391464,119.7468796,90.76999664,5481600,22964800,15116000,178155000,17791000
2021-03-05,3000.459961,233.8899994,127.6105576,121.0327682,90.62000275,5388600,15988400,11357900,153766600,16834200
2021-03-08,2951.949951,226.6900024,126.3850555,115.9889069,85.36000061,4185000,17138400,13662800,154376600,13504200
2021-03-09,3062.850098,238.1399994,127.3832397,120.7038193,89.52999878,4030000,15291300,10662900,129525800,11581500
2021-03-10,3057.639893,234.3000031,130.6347809,119.5973663,89.33000183,3012500,10491200,14976400,111943300,9256300
2021-03-11,3113.590088,240.8000031,130.5853729,121.5710449,90.01000214,2776400,15162500,11829900,103026500,24719800
2021-03-12,3089.48999,231.8699951,132.5520935,120.6440125,84.01999664,2421900,17778400,9479200,88105100,24764000
2021-03-15,3081.679932,230.2799988,131.870163,123.5945663,85.12999725,2913600,14499700,8357300,92403800,12745700
2021-03-16,3091.860107,226.9299927,131.8306427,125.1695328,85.76000214,2538800,19336600,6627000,115227900,10145200
2021-03-17,3135.72998,233.3399963,130.7336273,124.3621216,85.37000275,3118600,16949500,8052100,111932600,11941600
2021-03-18,3027.98999,236.4299927,129.0266113,120.145607,83.90000153,3649600,14822300,9938500,121229700,10261100
2021-03-19,3074.959961,239.7899933,130.7435455,119.6073303,84.98999786,4625400,15959700,19234500,185549500,13364500
2021-03-22,3110.870117,237.1199951,131.3687744,122.9964905,84.97000122,2902200,12063200,8218000,111912300,7398800
2021-03-23,3137.5,237.6699982,132.9269104,122.1492004,83.51000214,3817300,12295600,9718300,95467100,8862500
2021-03-24,3087.070068,229.5899963,132.1031799,119.7070084,79.06999969,2959000,15949900,7849100,88530500,17406100
2021-03-25,3046.26001,222.7200012,132.9963684,120.2054138,78.70999908,3563500,24819800,9375300,98844700,14599200
2021-03-26,3052.030029,227.2599945,134.1079102,120.8234329,82.06999969,3312900,22030800,9551200,94071200,19789600
2021-03-29,3075.72998,231.8600006,135.6362457,121.002861,81.76000214,2746000,18029100,10048800,80819200,8989000
2021-03-30,3055.290039,229.25,134.7132874,119.5176163,83,2337600,14828700,9076700,85671900,7102200
2021-03-31,3094.080078,226.7299957,134.8026123,121.7604446,84.33000183,3093900,16825400,8182000,118323800,10140600
2021-04-01,3161,224.3600006,134.5941772,122.6077271,84.30999756,2940300,23497500,8531700,75089100,11909100
2021-04-05,3226.72998,225.3000031,138.3753662,125.4984894,82.48999786,3334900,14962100,13347700,88651200,9268300
2021-04-06,3223.820068,230.5700073,139.0403137,125.8074951,83.51000214,2537800,18100400,10348200,80171300,8909500
2021-04-07,3279.389893,225.4199982,138.7425842,127.4921112,81.25,3346200,18034900,6787200,83466700,9445200
2021-04-08,3299.300049,228.2400055,138.6532593,129.9442596,82.13999939,2812100,12211300,6365200,88844600,6651800
2021-04-09,3372.199951,223.3099976,138.7227173,132.5758362,80.41000366,4341500,19763000,6892200,106686700,8313400
2021-04-12,3379.389893,244.0099945,138.7425842,130.8214569,78.65000153,3281800,57500300,6241000,91420000,14302500
2021-04-13,3400,241.8899994,138.3158264,134.0012665,78.80000305,3315800,20793000,5799300,91266500,12511500
2021-04-14,3333,239.2299957,138.2662048,131.6089325,78.12000275,3145200,12405200,7308200,87222800,8603700
2021-04-15,3379.090088,239.0899963,139.0998535,134.0710602,77.48999786,3233600,11288900,7236800,89347100,8614400
2021-04-16,3399.439941,238.6900024,139.5464478,133.7321472,77.04000092,3186000,14418800,8829500,84922400,13891600
2021-04-19,3372.01001,234.7799988,138.6532593,134.4099731,76.94999695,2725400,11216000,6427000,94264200,9509000
2021-04-20,3334.689941,229.8800049,139.7250824,132.6855011,74.55000305,2623000,12093900,8150700,94812300,15550800
2021-04-21,3362.02002,229.4400024,140.1319733,133.074234,75.72000122,2211200,14315900,5778400,68847100,10833500
2021-04-22,3309.040039,229.3500061,138.6135559,131.5192261,76.11000061,2580600,11986200,6568400,84566500,9509000
2021-04-23,3340.879883,232.0800018,138.8418121,133.8916321,76.75,3192800,8967000,7657000,78657500,9582700
2021-04-26,3409,232.6999969,136.8668823,134.2903595,76.13999939,4880700,7792900,7615400,66905100,12238600
2021-04-27,3417.429932,235.9199982,137.3333282,133.9614105,78.45999908,3827100,11646300,5383800,66015800,11834100
2021-04-28,3458.5,236.7200012,136.8470306,133.1539917,79.05999756,4631900,9187700,4762200,107760100,7035500
2021-04-29,3471.310059,234.1799927,138.5738678,133.054306,77.83000183,7682400,9552800,6532000,151101000,7327300
2021-04-30,3467.419922,230.9499969,138.8517456,131.0407562,77.36000061,7009300,9326400,6560000,109839500,6386900
2021-05-03,3386.48999,230.7100067,141.0450134,132.1172943,77.01999664,5875500,13620900,9046500,75135100,6255500
2021-05-04,3311.870117,227.8999939,139.6556244,127.4422607,76.08000183,5439400,13260500,6361400,137564700,8822000
2021-05-05,3270.540039,226.7799988,139.5365143,127.6914673,75.54000092,3711300,10013800,6117000,84000900,5580200
2021-05-06,3306.370117,226.4199982,140.5328522,129.3262482,76.38999939,4447700,12247700,5434000,78128300,8142900
2021-05-07,3291.610107,225.3099976,139.6859741,130.015213,75.51000214,4710300,10550000,7802800,78973300,7808500
2021-05-10,3190.48999,219.5299988,140.3037109,126.6602249,71.40000153,5838600,17266700,8769200,88071200,16602000
2021-05-11,3223.909912,221.3800049,139.0383606,125.7216415,72.77999878,4619800,13887700,8821400,126142800,10507200
2021-05-12,3151.939941,219.8999939,135.4415894,122.5863342,71.25,4936400,20366900,8666100,112172300,8704100
2021-05-13,3161.469971,206.0800018,137.7331696,124.7830429,67.02999878,3350900,51693900,7158400,105861300,34600000
2021-05-14,3222.899902,209.5099945,139.0084686,127.2593307,68.15000153,3325000,31626800,5363900,81918000,19366700
2021-05-17,3270.389893,211.0500031,138.3807678,126.0810928,68.20999908,3723900,20529800,6558600,74244600,11958000
2021-05-18,3232.280029,213.7200012,141.3897095,124.6632233,69.73999786,2828400,19519400,19394600,63342900,12594000
2021-05-19,3231.800049,212.5399933,141.3996582,124.5034637,70.58000183,2679700,17030400,11624900,92612000,15617800
2021-05-20,3247.679932,216.9900055,141.8978271,127.1195374,73.69999695,2633200,19123400,10180300,76857100,18384500
2021-05-21,3203.080078,211.0599976,141.2302856,125.2423553,72.75,4104900,22825500,7642500,79295400,10657700
2021-05-24,3244.98999,210.4400024,141.2402496,126.9098511,71.66000366,2422800,15884200,6315300,63092900,8740200
2021-05-25,3259.050049,211.1300049,141.8181152,126.7101593,72.80999756,3261100,14116100,7168400,72009500,9399000
2021-05-26,3265.159912,211.7799988,141.6487427,126.6602249,73.19999695,2384000,9405800,6431400,56575900,6598700
2021-05-27,3230.110107,212.7400055,141.170517,125.0925751,72.83000183,2561200,18680200,18859000,94625600,9926200
2021-05-28,3223.070068,213.9600067,141.5092621,124.423584,73.94000244,2329800,10401500,7062100,71311100,7876400
2021-06-01,3218.649902,219.4799957,141.140625,124.0940704,78.33000183,2430000,23052800,6922500,67637100,21292100
2021-06-02,3233.98999,219.5899963,140.8317566,124.8729019,76.54000092,2014500,13126400,7766000,59278900,9419900
2021-06-03,3187.01001,217.0399933,141.0808411,123.3551865,75.51999664,2398300,12448100,6124800,76229200,12027700
2021-06-04,3206.219971,219.0200043,141.3299255,125.7016678,75.43000031,2249700,8999100,4545300,75169300,8264600
2021-06-07,3198.01001,216.8999939,140.3833923,125.7116547,74.68000031,2215800,9928600,5543600,71057600,8419500
2021-06-08,3264.110107,215.8200073,139.3173218,126.5503922,73.27999878,3416700,9443000,6706900,74403800,8902700
2021-06-09,3281.149902,213.3200073,138.5700836,126.9398117,72.63999939,2455500,10233600,5695100,56877900,7421500
2021-06-10,3349.649902,213.0700073,139.3671417,125.9213409,71.84999847,3476500,10735900,5459500,71186400,9476600
2021-06-11,3346.830078,211.6399994,140.2339478,127.1594772,71.19000244,2817400,12276600,8410800,53522400,11387100
2021-06-14,3383.870117,213.9400024,140.0446472,130.28479,71.43000031,2569700,10773100,5046900,96906500,8032100
2021-06-15,3383.129883,210.0599976,139.4867096,129.4460602,70.83999634,2426200,12167000,6442400,62746300,8455600
2021-06-16,3415.25,209.3200073,136.6471405,129.9552917,71.48999786,4202800,10917800,9598300,91815000,12306500
2021-06-17,3489.23999,211.6000061,137.2150574,131.5928345,73.5,5136500,11233700,6447300,96721700,12894000
2021-06-18,3486.899902,212.3000031,134.674408,130.2648315,71.62000275,5247700,13724600,14937600,108953300,27666500
2021-06-21,3453.959961,211.0599976,135.8999023,132.1020813,72.62000275,3277100,9273800,6925000,79663300,8410100
2021-06-22,3505.439941,211.3200073,136.5275879,133.7795563,73.30000305,3345100,11092100,6369000,74783600,10250400
2021-06-23,3503.820068,214.8600006,135.4615173,133.4999847,73.13999939,2813300,13785800,6463500,60214200,7976600
2021-06-24,3449.080078,218.3800049,136.4080353,133.2104187,74.90000153,3832000,13488200,7814700,68711000,9800100
2021-06-25,3401.459961,228.5,138.0220947,132.9108734,78.23000336,3941000,27383900,9546900,70783700,16604500
2021-06-28,3443.889893,228.5899963,137.5936737,134.5783691,77.12000275,2242800,13564900,5183000,62111300,8379000
2021-06-29,3448.139893,229.4400024,136.7966003,136.1260529,79.75,2098400,10273800,11987500,64556100,11876400
2021-06-30,3440.159912,226.7799988,140.5029755,136.7551117,79.80999756,2404000,9348600,15170400,63261400,11264000
2021-07-01,3432.969971,221.8699951,138.8092041,137.0646515,77.44000244,2037100,13316400,8782900,52485800,11108600
2021-07-02,3510.97998,217.75,139.5962982,139.7506256,76.23000336,3169400,12989200,8760200,78852600,8013700
2021-07-06,3675.73999,211.6000061,139.4269257,141.8075409,72.38999939,6744800,23719900,6093100,108181800,15591300
2021-07-07,3696.580078,208,139.1977692,144.3537292,72.69999695,5328100,18340400,8535800,104911600,10459500
2021-07-08,3731.409912,199.8500061,139.0782013,143.0257111,70.88999939,5180600,33992500,7089000,105575500,11918800
2021-07-09,3719.340088,205.9400024,139.785614,144.8929138,73.55999756,3748200,16911300,5061800,99890800,11205400
2021-07-12,3718.550049,205.4799957,139.5365295,144.2838287,73.16999817,2571600,11259500,6505000,76299700,5664100
2021-07-13,3677.360107,209.5099945,140.0645752,145.4221191,76.51999664,3845900,17375900,6315900,100827100,15412800
2021-07-14,3681.679932,211.5,141.0310211,148.9268646,75.44999695,3296600,19484200,6270700,127050800,9620600
2021-07-15,3631.199951,214.7599945,141.140625,148.2578735,76.86000061,3185300,14283600,5991600,106820300,9169900
2021-07-16,3573.629883,212.1000061,141.0409851,146.17099,75.58999634,4043700,11150200,6031800,93251400,6527700
2021-07-19,3549.590088,208.9100037,140.7121887,142.2368927,74.22000122,3784600,15865800,9127700,121434600,9476900
2021-07-20,3573.189941,210.5899963,141.3498383,145.9313507,73.87000275,3255700,9986800,6340100,96350000,6612400
2021-07-21,3585.199951,211.0800018,140.6524048,145.1824799,75.30000305,2319000,7650300,6197300,74993500,6176000
2021-07-22,3638.030029,214.0399933,140.7520447,146.5803833,75.91000366,3265400,10563100,4337800,77338200,4531900
2021-07-23,3656.639893,206.5299988,141.9077911,148.3377533,72.29000092,2436300,25539900,5315800,71447400,20290000
2021-07-26,3699.820068,191.7599945,142.1070709,148.7671204,66.08000183,2900100,55736800,6172400,72434100,39967600
2021-07-27,3626.389893,186.0700073,142.1170197,146.5504303,64.76999664,4131900,59265700,5131900,104818600,44229200
2021-07-28,3630.320068,196.0099945,141.5391541,144.7631073,70.27999878,2999400,34535200,4690500,118931200,33628700
2021-07-29,3599.919922,197.5399933,141.7184906,145.4221191,71.93000031,5520000,23363200,3687700,56699500,17065000
2021-07-30,3327.590088,195.1900024,142.027359,145.6417847,70.87999725,9957100,17229100,5441700,70382000,9945400
2021-08-02,3331.47998,200.0899963,141.6985626,145.3023071,71.48999786,3353900,17889200,6652800,62880000,8422500
2021-08-03,3366.23999,197.3800049,143.2927094,147.1395416,70.23999786,4157300,20115900,6305100,64786600,8509500
2021-08-04,3354.719971,200.7100067,142.3162842,146.7301636,71.40000153,2183900,22327300,5100500,56368300,8074900
2021-08-05,3375.98999,199.2799988,144.9565735,146.8399963,70.73999786,2433500,9881400,9001800,46397700,7485500
2021-08-06,3344.939941,196.3899994,144.697525,146.1399994,69.58999634,2635300,11961300,6420200,54067400,6970500
2021-08-09,3341.870117,195.25,145.0462494,146.0899963,71.73000336,2148200,14657200,5270600,48908700,6342000
2021-08-10,3320.679932,195.7299957,148.1348724,145.6000061,71.76000214,2412600,9983700,12754000,69023100,5195300
2021-08-11,3292.110107,194.8600006,149.4599915,145.8600006,71.06999969,2947200,8985100,13818600,48493500,5674200
2021-08-12,3303.5,191.6600037,149.0599976,148.8899994,70.52999878,2314100,12873400,6089700,72282600,5781500
2021-08-13,3293.969971,188.6199951,149.5299988,149.1000061,69.86000061,2052800,15359100,5321900,59318800,5629800
2021-08-16,3298.98999,182.7100067,150.75,151.1199951,66.66999817,3319700,21020700,15930500,103296000,12498500
2021-08-17,3241.959961,173.7299957,150.6999969,150.1900024,64.26000214,3387900,40558000,16983400,92229700,13386000
2021-08-18,3201.219971,172.3500061,149.1000061,146.3600006,65.52999878,2804300,34339800,9403900,86326000,9352500
2021-08-19,3187.75,160.5500031,150.1100006,146.6999969,62.18999863,3782900,66663000,7543500,86960300,16724800
2021-08-20,3199.949951,157.9600067,151.4499969,148.1900024,63.61999893,3341200,71375700,6465300,59947400,14976300
2021-08-23,3265.870117,161.0599976,150.4499969,149.7100067,65.73000336,3268100,88699200,5388700,60131800,19782800
2021-08-24,3305.780029,171.6999969,148.8999939,149.6199951,75.22000122,2551800,62786400,6276300,48606400,35954700
2021-08-25,3299.179932,169.1000061,148.9600067,148.3600006,76.13999939,1680300,26055400,7307100,58991300,11311900
2021-08-26,3316,165.2400055,147.3500061,147.5399933,77.04000092,2098800,18816500,7822300,48597200,11581100
2021-08-27,3349.629883,159.4700012,146.5200043,148.6000061,76.43000031,2391300,31681600,7691300,55721500,12965300
2021-08-30,3421.570068,162.2899933,147.6999969,153.1199951,76.69000244,3192200,23769400,5480200,90956700,7979900
2021-08-31,3470.790039,166.9900055,148.1000061,151.8300018,78.55999756,4356400,24629100,8359500,86453100,13044400
2021-09-01,3479,173.2799988,147.7799988,152.5099945,80.77999878,3629900,29550200,6352200,80313700,12061500
2021-09-02,3463.120117,172,148.5599976,153.6499939,80.23999786,2923700,29302400,6672700,71115500,9903500
2021-09-03,3478.050049,170.3000031,149.25,154.3000031,79.85500336,2575700,16423500,5737300,57808700,8502200
2021-09-07,3509.290039,175.1600037,147.2700043,156.6900024,83.23999786,2737900,24608500,8448400,82278300,19339000
2021-09-08,3525.5,170.7100067,147.4600067,155.1100006,81.73000336,3053400,18993000,6502800,74420200,7158600
2021-09-09,3484.159912,167.3200073,146.4199982,154.0700073,80.26000214,2719200,17295800,7442900,57305700,9719300
2021-09-10,3469.149902,168.1000061,145.8899994,148.9700012,80.63999939,2393300,15050000,5255500,140646400,8225000
2021-09-13,3457.169922,165.4100037,145.0599976,149.5500031,80.16999817,2569000,15458600,6509800,102404300,7567700
2021-09-14,3450,160.1499939,144.3000031,148.1199951,77.90000153,1936900,20925900,5511300,109296300,11325000
2021-09-15,3475.790039,157.8600006,144.5500031,149.0299988,76.62999725,2957500,31796600,4950000,83281300,10901600
2021-09-16,3488.23999,156.2599945,145.0299988,148.7899933,77.16999817,2583600,24358900,6142800,68034100,7989400
2021-09-17,3462.52002,160.0500031,144.7299957,146.0599976,77.69000244,4616600,25489000,24344200,129868800,9779500
2021-09-20,3355.72998,151.4900055,142.7400055,142.9400024,74.15000153,4669100,36177500,8351500,123478900,10219400
2021-09-21,3343.629883,150.1799927,143.0200043,143.4299927,73.5,2780900,19494700,5812500,75834000,7431600
2021-09-22,3380.050049,151.8899994,142.6900024,145.8500061,75.91999817,2411400,19832000,5014800,76404300,7788400
2021-09-23,3416,151.1900024,142.7700043,146.8300018,76.12999725,2379400,24707500,5195100,64838200,4931500
2021-09-24,3425.52002,145.0800018,143.1699982,146.9199982,73.98000336,2116200,32067400,4453500,53477900,6085800
2021-09-27,3405.800049,150.1799927,142.25,145.3699951,76.43000031,3634500,24287400,7083600,74150700,7939000
2021-09-28,3315.959961,152.3899994,140.5,141.9100037,75.41999817,4430800,26299600,6860300,108972300,11185400
2021-09-29,3301.120117,147.5800018,140.4400024,142.8300018,71.62000275,2562300,17361300,7125200,74602000,12045200
2021-09-30,3285.040039,148.0500031,139.3800049,141.5,72.23999786,2842400,14291500,7485900,88934200,7131300
2021-10-01,3283.26001,144.1999969,137.0500031,142.6499939,70.01999664,2835600,20211000,10004800,94639600,8899900
2021-10-04,3189.780029,139.6300049,135.7299957,139.1399994,69.41000366,4523100,25218500,9990100,98322000,10249400
2021-10-05,3221,143.1399994,136.6199951,141.1100006,71.62000275,3269200,14032100,6865800,80861100,8558300
2021-10-06,3262.01001,144.1000061,137.6199951,142,71.87000275,2533000,14875900,6458900,83221100,6398200
2021-10-07,3302.429932,156,139.2400055,143.2899933,76.30000305,2409100,46035900,7022700,61732700,12415700
2021-10-08,3288.620117,161.5200043,139.6600037,142.8999939,78.61000061,1995500,33427400,4615000,58718700,11555900